valentinmadrid2|Olv√≠date de esos medicamentos costosos que te hacen gastar tu dinero y dile Adi√≥s a la GASTRITIS con agua de HIERBABUENA https://t.co/TAZvAAE61K|ESPA√ëA|40.463667|-3.749220
andresjesusbarr|@Vamos_Canal13 Chuuu d√©jate muchacha , en vez de estar enoj√°ndote por tonteras al√©grate que canal 13 y tvn se quedaron con el festival , aparte la voz en off fue siempre fue de tvn estuvo solo 6 a√±os en el 13 , y alegra tu vida ellos se van por el dinero|Santiago region metropolitana|-33.437555|-70.650490
dxvrs14|Tu no tienes ni puta idea de lo que haces en tu sector y estas hay porque metes dinero pero eres una borde y una antip√°tica del cop√≥n.|Madrid|40.416775|-3.703790
daniunn|@marmenor2016 @SusOjosMisOjos @nacho991960 @HospitalULaPaz @Farmadamaresca @fpradosroa @ccifuentes Y son mas gentuza todav√≠a. Por mantenerlos y desgraciadamente en este pa√≠s por algo a cambio, siempre hay intereses ocultos. El que no tenga estos intereses y les vota es tonto directamente|Espa√±a|40.463667|-3.749220
GordilloGCarlos|@AlanGab25526199 @aleja_puente Imag√≠nate que un presidente electo tenga que dar explicaciones por la posibilidad que haber recibido dinero para su campa√±a electoral procedente del narcotrafico. Le llamaron el presiente de los narcos. Si investigamos veremos que ya pas√≥. Urgente.|Lima-Peru|-12.046373|-77.042754
Elmonoreplicant|@escofet_jaume @hermanntertsch Toda pol√≠tica se sustenta siempre en la "tensi√≥n' de ideolog√≠as para distraer al pueblo (tonto) y as√≠ poder seguir robando en vez de hacer su trabajo, gestionar los recursos.Para gestionar dinero no hacen falta pol√≠ticos sino expertos en cada materia.Ya utop√≠a, lo se.Bona nit.|Colgado |19.326304|-99.276154
_Giljaugio|Objetivo : Ahorrar dinero.  Obstaculo : Los cambures. |Caracas, Venezuela|10.480594|-66.903606
Carlos_AlmanzaA|@laverde1976 @RappiColombia El modelo de negocio de @RappiColombia no encaja dentro del concepto de "#EconomiaNaranja"; es m√°s un intermediario de bienes y servicios que, leyendo el hilo, esconde una informalidad laboral que evade pago de parafiscales, modelo que tanto le gusta a los Uribistas.|Cartagena, Colombia|10.391049|-75.479426
super_kt|Hoy cumple a√±os una persona que me debe dinero. Ojal√° se acuerde mientras le sopla a su pastel.|En el tercer piso.|25.794445|-108.991061
cceapm|Este lunes inicia operativo especial de cobro de pensiones en Zulia https://t.co/6kR6OuaNJH https://t.co/UtnIbDdvtu|M√©xico|23.634501|-102.552784
manudelgado|@manu_glez En plena plaza nueva hay un parking con un cartel que dice ‚Äúel parking del siglo XXI‚Äù y justo debajo dice ‚Äúsolo aceptamos pago en efectivo‚Äù|Sevilla|37.389092|-5.984459
camybra46|Lo bueno del fr√≠o es que me van a prestar de noche m√°s el auto üòÇ..  1 bien MARTA|Catamarca, Argentina|-28.469581|-65.779544
Portuguesa_FC|#LigaFutVExTLT | ¬°Nuestro XI inicial ante @Zulia_FC! ¬°Vamos equipo!  #ZFCxPOR üî¥‚ö´Ô∏è https://t.co/cM16dwOmCY |Portuguesa, Venezuela|9.094400|-69.097023
irzetapia|Si ya est√°s en la caja, por qu√© no tienes lista tu wallet, dinero, tarjeta...o es que crees que m√°gicamente la cajera te dejar√° ir sin pagar??|Panama|8.537981|-80.782127
FloraEspitia|¬øCu√°nto dinero necesitas para ser feliz? Este estudio lo revela #Informe https://t.co/vaiTmahAFU|Comunidad de Madrid, Espa√±a|40.416752|-3.703832
SaraFaries|Jap√≥n es el primer pa√≠s en reconocer el bitcoin como un medio de pago legal #Criptomonedas https://t.co/hrIDMgYOl4|Comunidad de Madrid, Espa√±a|40.416752|-3.703832
dybbukk|@HerzleidR Adem√°s, intent√© ir al 7-11 a cargar la tarjeta del metro y qu√© crees... s√≥lo se puede pago en efectivo üôÑüòë|Planet Earth|38.253749|-78.458708
OSEGUERAVICTOR|@PMNoticiasMx @cancino_marco @Anaelisalc Esa gente ya deber√≠a dejar de vivir del gobierno caray, no saben ganar dinero de otra forma? Van de puesto en puesto y esta ciudad no les debe NADA absolutamente nada a ellos. Que pena|SAN CRISTOBAL DE LAS CASAS|16.737036|-92.637619
moodygirl_hb2|Que le jodan al dinero quiero estar contigo.|Hell√≠n, Espa√±a|38.506890|-1.697940
horseslord|Creo que son muchos los puntos a tratar,  para exponer te piden que lo hagas formal con m√°s raz√≥n para un examen de titulaci√≥n,  yo lo veo como retador al chico,  si fueran las las causas como no tener dinero para... https://t.co/gGWfgMp89j|MAZATLAN SINALOA|23.249415|-106.411143
IngPeraltaA|Cuanto valor en esta mujer, ya que los hombres no hacemos nada. #rdüá©üá¥ #Gloria #firmes #injusticia #dinero https://t.co/1yFBFz7nds|Santo Domingo City|18.486058|-69.931212
LaNetaNoticias|Confrontan a @RicardoAnayaC durante gira por lavado de dinero ‚û°Ô∏èhttps://t.co/HzuaGJM2Id https://t.co/uxohwSPdR4 |M√©xico|23.634501|-102.552784
Lucerobabysweet|@olinca16 @reyobregon2 @HuguinHugo @SolovinoE @lopezdoriga Aparte de todo eso se roban much√≠simo dinero, se roban billones y hay much√≠simo presupuesto lo malo es que se lo quedan ellos|Mazatl√°n, Sinaloa. M√©xico |23.249415|-106.411143
victor171972|@elmundoes Tener raz√≥n no importa solo importa tener dinero para mantener la corrupci√≥n del f√∫tbol|santa pola|38.196561|-0.561244
JoseSanchez____|En @Intereconomia ahora los unicos que analizan el juicio por el vergonzoso robo de dinero para los parados del Psoe que la mediocre clase periodistica silencia|Malaga|36.721274|-4.421399
rafaeldeverdad|#To√±oKO Bel√©n la justicia solo es dinero como tu sabes, solo hay justicia para los que lo tienen, mierda de justicia.Da gracias por tenerlo y poder ganar el juicio. Injusta justicia...vaya frase..|Madrid|40.416775|-3.703790
jjorgequesada|"Romper√≠an sus lazos por una promoci√≥n profesional". Quiz√° porque no se han planteado Qu√© es la Felicidad a nivel filos√≥fico. El dinero es importante, ¬øpero ser√° lo m√°s importante? Por esto cuando llegan a los 70 a√±os muchos Self-Made man/woman son queridos s√≥lo por sus mascotas. https://t.co/8o47Eap7YF|CdMx|19.432608|-99.133208
MarianaCR94|Hasta que no cambiemos la adoraci√≥n por el dinero, por el deseo de una vida ganada √©ticamente, no saldremos de la permanente crisis en la que nos encontramos.|Guatemala|15.783471|-90.230759
ChulisChueca|@mario_principe C√≥mo voy a tener dinero|Aegentina, Santa Fe|-31.610658|-60.697294
fgecam|Sentencia de N. del https://t.co/p9ntNxEJ5Q.P., a 55 a√±os de prisi√≥n y al pago de multa,, reparaci√≥n de da√±o material y moral por $ 1,847,565.55, al encontrarlo culpable de los delitos de feminicidio, violaci√≥n equiparada y robo con violencia en casa habitaci√≥n en Champot√≥n. https://t.co/ietJV0Gb9P|Campeche, M√©xico|18.931225|-90.261807
patyvalle1|To√±o lo har√≠a mal,pero aguantar a #BelenEsteban  tiene el  cielo ganado XD!! No hay dinero q lo pague #To√±oKO|Principado de Asturias, Espa√±a|43.361395|-5.859327
alboranista_ext|Ojala yo teniendo todo ese dinero #To√±oKO|Extremadura, Espa√±a|39.493739|-6.067919
vicisgama|Puros intereses como siempre üò° https://t.co/nqnDu1izKv| Puebla. Pue. Mexico|19.041440|-98.206273
FiscalizadorPTY|@RubnDaz53508671 @AlvaroAlvaradoC @JCTapiaLMB Que s√≥lo saben Criticar, todo por solo preguntar en que o a donde va el dinero? Duele tanto esa simple pregunta?|Ciudad de Panam√°|8.982379|-79.519870
Nexzux|@omarhdz_omar @backsideval35 @HotAlayon24 @QuieroSexCCS @RSexy_25 @L_K_4 Te lo puedo prestar si quieres üòú|Ciudad Aut√≥noma de Buenos Aire|-34.603684|-58.381559
aknology|La¬†Tarjeta FIFA¬†Points¬†es el tipo de cambio que FIFA utiliza en la tienda¬†easports¬†exclusivamente para la compra de packs. La tarjeta es valida para comprar sobres en FIFA 18 Xbox One. Disponible en https://t.co/Hqjvs2Lbbn|Colombia|4.570868|-74.297333
ProBogotaRegion|¬øQue opinan los conductores de taxi de la formacion presencial y virtual  en servicio al cliente, seguridad, cobro justo y conectividad? https://t.co/5lHVSKuEKC |Bogot√°, D.C., Colombia|4.710989|-74.072092
Acertemos|Mas de 38 MILLONES en premios entregados con La combinada mejorada de #EuropaLeague en @BetPlayCO  Multiplica tu dinero aqui üëâ https://t.co/nC5bx4GSAO  #Acertemos te da #MasServiciosATuAlcance. https://t.co/aV2aUp0hzl |Colombia|4.570868|-74.297333
Derechodeautor|El pago por derecho de autor NO es otro impuesto o tributo: https://t.co/xJX5meiVrF|Colombia|4.570868|-74.297333
Derechodeautor|El pago por derecho de autor NO es otro impuesto o tributo: https://t.co/xJX5meiVrF|Colombia|4.570868|-74.297333
ESPACIOBITVE|AirTM: La plataforma de pago m√°s confiable y segura del mercado https://t.co/L02wZQWjMs #AirTM #Dolares #Bolivares #DineroEnLaNube #Zcash #Bitcoin #BitcoinCash  #Litecoin #Tether #Ripple #Ethereum https://t.co/tvn0yLzjHc|Caracas, Venezuela|10.480594|-66.903606
SegHorizonte|Ahora puedes pagar tu P√≥liza de Seguro de Salud Individual en fracciones, sin inicial y sin intereses. Te esperamos en nuestras oficinas.|Venezuela|6.423750|-66.589730
VELLSTORE|Compralo solo en VELLSTORE. :)  Puedes pagar tambien con tarjeta de credito Are You Smarter than a 5th Grader: Make the Grade - PlayStation 2 Copia el nombre del producto y buscalo en la pagina https://t.co/0RfBXCttLI #figurascolombia #Navidadcolombia #Colombia https://t.co/N9Utsg6E2Z |Bogot√°, Colombia|4.710989|-74.072092
MttsDosArranca|ja q n vale apena prestar https://t.co/yhvDqJkkXa|Rio de Janeiro, Brasil|-22.906847|-43.172897
PetitBabyuy|Durante los primeros 8 a√±os de vida de un ni√±o ocurren much√≠simos cambios. En tan solo algunos a√±os pasa de ser un beb√© indefenso, dependiente de sus padres, a convertirse en un peque√±o aut√≥nomo con intereses propios que ya se ha formado una imagen... https://t.co/Grpi5Nww6u|Uruguay |-32.522779|-55.765835
David32240891|@5observador90 Por eso aqu√≠ hay un afiliado que se da de baja. Ya encontrar√© otro sindicato que se dedique a lo que se tiene que dedicar. Con mi dinero, no. Gracias.|C√°diz, Espa√±a|36.527061|-6.288596
FiltrosChampion|Con un cambio de aceite adecuado y un chequeo constante se puede ahorrar mucho dinero en fallas posteriores. Considere que el aceite es para el autom√≥vil como el agua para los humanos. #DatosChampion #ExpertoChampion #ChampionFilters. https://t.co/pPxLgpYJII|Venezuela|6.423750|-66.589730
PBlasini|@CMonteroOficial @realDonaldTrump Ya se qued√≥ de brazos cruzados, saco la cuenta y no le conviene enemistarse con USA ni con Europa por los Sirios, es cuesti√≥n de intereses.|Venezuela|6.423750|-66.589730
AltsTherocha|Cuentas con pavos y dinero para gastar por tan solo $1.50!!  https://t.co/YUzvT6MgLg |+300 Successful Sales ‚¨á|29.666967|-95.315397
cantabriapresos|No me habl√©is de m√°s mentiras. No hablo del presupuesto sino de a qui√©n se le regala ese dinero presupuestado. Datos no generalidades. De esas Cifu ha dicho muchas. https://t.co/0fpY3HSmiC|CITIZEN OF THE WORLD|34.095481|-118.317321
FCompartirCol|Comprar vivienda ahora tendr√° m√°s plazo al pagar la cuota inicial. https://t.co/Y4nDrBthg3|Colombia|4.570868|-74.297333
Popsuei|@WillAlfredsson ¬øTe imaginas que hubiera venido el chaval con una opci√≥n que hubiera supuesto dinero y quedarse cedido hasta final de temporada?|Espa√±a|40.463667|-3.749220
BUSQUEDAonline|El Tribunal de Conducta Politica del Frente Amplio pidio a De Leon que justifique por escrito su uso de la tarjeta corporativa de Alur https://t.co/NwGW15314e  ‚úî El organismo decidio actuar ‚Äúde oficio‚Äù tras el fallo de la Junta Anticorrupcion https://t.co/5LWvHdBq2K |Uruguay|-32.522779|-55.765835
AnttonioPerez|@FAQSTV3 a la televisi√≥ del r√®gim @tv3cat insultando con la boca llena a Jordi Ca√±as. Luego piden respeto. Pero as√≠ es como consiguen el dinero, prostituy√©ndose por unas monedas. #FAQSaravacaTV3 https://t.co/wtO5TnJNKi|Catalu√±a, Espa√±a|41.591159|1.520862
heliot|Que cierren nuestros ojos pero no nuestros bolsillos, el dinero nunca duerme e internet tampoco. Aqu√≠ 5 formas de hacer dinero mientras duermes apalanc√°ndote de internet. https://t.co/yUCo75Exbf|Guadalajara|20.659699|-103.349609
avilaies|"3 razones por las cuales tu #negocio est√° perdiendo dinero con sencillas soluciones" #Infograf√≠a #thinkgreen #reutiliza https://t.co/e250bPEbgF|Caracas, Venezuela|10.480594|-66.903606
debarinas6|Binary options, Pago: Los contratos monetarios producen retornos a partir de 70 % de la prima pagada y/o contrato de tamano de hasta 90% Demo Account / Binary O #LI üåé WF5 Pago con tarjetas de Credito/Debito, automatizado y de graficos, https://t.co/1VELxmRPLD |Caicara de Matur√≠n, Venezuela|9.811596|-63.614441
PGR_mx|Si una persona te ofrece dinero a cambio de votar por alg√∫n candidato o candidata, ¬°No lo permitas y #Denuncia en la @FEPADE_mx! La compra de votos es un #DelitoElectoral. https://t.co/k97hQr08Mo|M√©xico|23.634501|-102.552784
dfcapitalsocial|Brackets met√°licos con una cuota inicial de $4500.00 y controles mensuales de $699.00 en #ClinicaDentalSonria. No aplica con otras promociones. Promoci√≥n no acumulable. Promoci√≥n para Pacientes Sonr√≠a. Paquete de Ortodoncia 3M Speed Go con 18 controles.|Ciudad de M√©xico|19.432608|-99.133208
ESPACIOBITVE|¬øQuieres ganar dinero con #Bitcoin?, convi√©rtete en prestamista con #BitBond https://t.co/fAe536w6yK https://t.co/YAFJn0CJXK|Caracas, Venezuela|10.480594|-66.903606
Inmobgonzalez|LOTE EN VENTA EN MAR DEL PLATA Calle 17 esquina 78 (7600) - Superficie 620 m2 - U$S 150.000. Se acepta vehiculo en parte de pago y financiacion. ¬ª¬ª Valor final con gastos y honorarios de oficina incluidos ¬´¬´  https://t.co/5WKGyK02Nm |Las Toninas, Argentina|-36.487024|-56.693111
JuanDavid10_11|C√≥mo veo que no hay oportunidad de nada con nadie, mejor me gasto mi tiempo y dinero en tatuajes mucho tatuajes, ¬°¬°es lo mejor!!.|Bogot√°, DC, Colombia|4.710989|-74.072092
GordilloGCarlos|@AlanGab25526199 @aleja_puente Imag√≠nate que un presidente electo tenga que dar explicaciones por la posibilidad que haber recibido dinero para su campa√±a electoral procedente del narcotrafico. Le llamaron el presi de los narcos. Si investigamos veremos que ya pas√≥. Urgente.|Lima-Peru|-12.046373|-77.042754
laprensalara|#Locales | M√©dicos residentes reclamaron con todo, el pago de su salario https://t.co/TBbVPv2gAj https://t.co/9tEBfBL44c|Barquisimeto, Venezuela|10.067772|-69.347351
MuniVitacura|¬°Renueva tu tarjeta #MiVita y sigue disfrutando de los beneficios que tenemos para ti! https://t.co/sLuopszMmg|Municipalidad de Vitacura|-33.390521|-70.572412
solabre1|@JJ_NG81 El farsa dijo que dar√≠a el dinero a una  causa ben√©fica y aqu√≠ paz y despu√©s gloria. No estaban interesados en que se destapada el asunto de los batidos, hormonas, y m√©todos del noi de la nandrolona|PuertoMarte|28.415122|-16.552363
Grounder__|Todos ese dinero que ha ganado para Belen üòçüòçüòç #TonoKO |Grouly|46.251683|3.776499
HectorSemana|Nuestro proovedor de gas en Boulognes es Gas Natural Fenosa. Jamas fuimos morosos de pago por el consumo, esta casa tiene 55 anos. Ahora no hay lugar a reparacion, ya que la empresa solo atiende casos de emergencia. |San Isidro, Bs. As. Argentina|-34.470829|-58.528610
LautaroRaamirez|Ir al cine hoy en dia ,es pr√°cticamente dejar el higado como garantia de pago|Berisso, Argentina|-34.873068|-57.883717
Davis_anel24|@DatitosRivera Pero pagarle el viaje a Rusia a los Presidentes de las Ligas Provinciales entre otros... si hay mucho dinero. ü§î|Panam√°|8.537981|-80.782127
bru_chbarcelona|@Carmen_Lomana acaban de insinuar que Bel√©n ya te pag√≥. Bueno lo ha dicho ella " pagu√© a la se√±ora que le deb√≠a dinero ( no quiero decir su nombre , ya sab√©is) con el primer pago de Sanch√≠s"|BCN|29.734925|-95.390145
andrevelar1|@pablooubi Siendo justos y analizando hoy x hoy a cada 1 de ellos, comparto tu opini√≥n, pero lamentablemente en el f√∫tbol de hoy en d√≠a, llevar un escudo u otro, pesa bastante a la hora de hacer las convocatorias y 11 inicial, x eso creo que a mucho pesar, jugaran esos, antes que estos dos.|Madrid, Comunidad de Madrid|40.416775|-3.703790
gonzaloprigue|si se gastan 240 palos en un estadio ,no pago nunca m√°s nada !!!! est√°n avisados !!!!!!|shangrila, canelones uruguay|-34.843069|-56.004098
HugoCarralOrtiz|Los fideicomisos ayudan a evitar que una familia beneficiaria de un seguro de vida, entre en graves problemas financieros a causa de un mal manejo del dinero recibido. Al fideicomiso me gusta llamarlo "el robot". Har√° lo que le digas, cuando y como digas. https://t.co/3Fuhk4VI34|Monterrey, Nuevo Le√≥n|25.686614|-100.316113
Altavoznoticias|Productores de trigo exigir√°n el pago de su cosecha en una sola¬†emisi√≥n https://t.co/ZlFl55Ry7l https://t.co/j0N2X28Pdz|Los Mochis, Sinaloa, M√®xico|25.790466|-108.985882
HugoRubalcava|El problema de los sistemas actuales es que las √©lites solo se preocupan por el dinero y el poder, especialmente de ellos.... Pero se preocupan muy poco por el desarrollo real de la gente. Siendo que la gente es la que produce todo el dinero y la creaci√≥n. Y m√°s bien la obstruyen|Guadalajara, Jalisco, M√©xico|20.659699|-103.349609
oestradaluna|@JM_Phone_Home 1 y 2 Milito en un partido desde que puedo, hace 24 anos, creo mas en la participacion e involucramiento de los ciudadanos. Respetable, pero es obligacion votar.  3 Tiene la razon hay q apoyarlos, esos buenos te apuesto que no reprueban se capacitan y ponen dinero para copias etc |BJ DF |38.874949|-77.150568
HRVATSKO|#TiempoPascual . La eficacia de la ayuda que queremos prestar a otros , ser√° verdaderamente pr√≥spera en tanto nosotros no abandonemos los fundamentos de nuestra fe . üìå Santa Edith Stein|ARGENTINA . C√ìRDOBA . |-31.420083|-64.188776
hablemosdelarse|#JuegaElArse | ‚è±Ô∏è 12' ST Previo al tanto del Pirata, Facundo Monteseir√≠n vio la tarjeta amarilla. 0-1. https://t.co/3ykrj1X8Qp|Sarand√≠, AR|-34.683258|-58.343994
cleo64850930|SFC no est√° muy fino este a√±o, pero los arbitros est√°n para sacarles tarjeta roja a m√°s de la mitad. https://t.co/1fV6cGIMYT|Sicilia, Italia|37.599994|14.015356
MarianaCR94|Hasta que no cambiemos la adoraci√≥n al dinero por una vida ganada √©ticamente, no saldremos de la situaci√≥n de crisis permanente en la que estamos.|Guatemala|15.783471|-90.230759
hablemosdelarse|#JuegaElArse | ‚è±Ô∏è 12' ST Previo al tanto del Pirata, Facundo Monteseir√≠n vio la tarjeta amarilla. 0-1. https://t.co/3ykrj1X8Qp|Sarand√≠, AR|-34.683258|-58.343994
SapienciaMed|¬øVives en la Comuna 11 y eres beneficiario de los #FondosSapiencia? La Corporacion Arete esta buscando jovenes que quieran prestar su servicio social apoyando los procesos de movilizacion, comunicaciones y gestion. Conoce mas de la convocatoria üëâ https://t.co/sWKVVRnybz https://t.co/Bdaku3iX6P |Medell√≠n, Colombia|6.244203|-75.581212
Pati_Bv|La √∫nica gente que quiere que gane el PRI, son las que viven y roban el dinero de gobiernos|ùîºùïü ùï•ùï¶ ùïîùï†ùï£ùïí |34.253297|-118.310341
SanXago|El mismo perfil de Guillier. No podemos permitir que gente as√≠, pretenda representar los intereses de la gente de este pa√≠s. https://t.co/Imw7ucqtEQ|Chile|-35.675147|-71.542969
hautgler|@CEDICE Cuando se crea dinero inorg√°nico y se hacen aumentos de sueldo sin que ello corresponda a una mayor productividad, los responsables de esas medidas saben perfectamente que eso disparar√° la inflaci√≥n y se empobrecer√° a los ciudadanos https://t.co/E5T2Qi5Rxg|Caracas Venezuela|10.480594|-66.903606
zarlagabVZ|RLC ( 2017-06-06) Venezuela: campo de batalla de intereses internacionales üì¢ 7BT VenezuelaLibre, deslegitimar el Estado de partidos, https://t.co/ZOFpUhyxTt |Maracay, Venezuela|10.244193|-67.606616
caro_schualle|Alguien no pago Netflix üòê|juan jose castelli|-25.947088|-60.619840
feelingssleigh|si jade y leigh est√°n en Coachella es porque NO saben que el due√±o da dinero a fundaciones anti lgbt y antiaborto. Sabemos lo atentas que son, ellas no ir√≠an si supieran eso|lena|63.656326|117.603723
homcybor|@NicolasMaduro de carono aqui no llega los super mercado a cielo abierto la corrucion a millones ve por el pueblo te dijo el comandante un dias o te dijo matalos de ambre por favor ayudad esta gente que tambien se alimenta hoy un quilo de saldin 150000 un arroz con la tarjeta 400|Ciudad Cuayana. San Felix. |8.345738|-62.650105
Lucerobabysweet|@olinca16 @reyobregon2 @HuguinHugo @SolovinoE @lopezdoriga Prefiero votar por un loco q no me ha robado y que cree que puede cumplir todas esas cosas que propone que votar por el PRI o el PAN que tanto nos ha robado, con sus reformas energ√©ticas, con sus gasolinazos, por el lavador de dinero (anaya) o por el que desvi√≥ millones de pesos|Mazatl√°n, Sinaloa. M√©xico |23.249415|-106.411143
fanAPPticos|Las mejores alternativas para ganar dinero desde casa. https://t.co/Cz0d6VnUkZ|Barcelona|41.385064|2.173404
SpiralXXI|Mundo enfermo y triste: ilustradores dan su visi√≥n de un mundo podrido dominado por el dinero, el ego o sexo. https://t.co/ccKKgX2j8u Via #CulturaColectiv|Mexico|23.634501|-102.552784
indxcingsleep|Mi mam√° me acaba de decir QUE NO SOY TRABAJADORA Y QUE ME LA PASO DE FLOJA. A ver, me disculpas pero me pago mis cosas, mis estudios +|M√©xico|23.634501|-102.552784
DanielaCambeiro|¬øQu√© son las criptomonedas? El dinero virtual ya es una realidad #Bitcoin https://t.co/jwteSNHpbW|Comunidad de Madrid, Espa√±a|40.416752|-3.703832
_DanielaCera|@Mar_luzg @DazJorge @pierrealee @petrogustavo @PoloDemocratico Porque leo le dije eso, no soy est√∫pida para dejar influenciar mis decisiones por otras personas, tengo mi criterio y esta fundamentado en mis intereses pero usted comparte esa foto bajo el fin de polarizar una informaci√≥n que en este caso es errada, no pierda credibilidad.|Barranquilla-Colombia|11.004107|-74.806981
ALLMIGHTY70X7|@GonzalezSabe Querian Marina afuera? Cojan Marina afuera.  La tarifa pasarela a la socialista de beca Pell y iPhone @CarmenYulinCruz Que cabild√©e el dinero que se robo Sila y Acevedo Vila para ese fracaso que dejo a la isla en desastre econ√≥mico. Que se lo pida a @LuisGutierrez pidi√≥n en PR https://t.co/iaZTmLzN57|Orlando, FL|28.538336|-81.379237
AmyZaly|Ahorra dinero aprendiendo a comparar #Finanzas https://t.co/nFJah4gY3J  #LasBolasDelChapoEnReforma|M√©xico DF|19.432608|-99.133208
BlackDilau|‚ÄúA m√≠ me alegra que To√±o haya ganado dinero, porque as√≠ tendr√° para pagarme‚Äù üòÇ #To√±oKO|Comunidad Valenciana, Espa√±a|39.484011|-0.753281
soybarinitas|El BCE REPARTE dinero para el DESPILFARRO ‚òëÔ∏è KUX No existe representatividad de la sociedad civil, AZAR Y CONTINUIDAD, https://t.co/iWPwEOYaF5 |Quintana Roo, M√©xico|19.181739|-88.479138
encenall|Por cada euro que los catalanes pagamos al fisco, nos quedan s√≥lo 60 c√©ntimos, y con ello no cubrimos nuestras necesidades. Que luego nos¬†‚Äúpresten‚Äù¬†20 c√©ntimos a trav√©s del FLA y nos cobren intereses por ello, es un retorno a los chistes de Otto y Fritz. https://t.co/11vE9mnUFG|Catalunya|41.591159|1.520862
tigre_zambrano|@JorgeGCastaneda ¬øPor que llamarle asi a un candidato a la presidencia? ¬øAcaso #AMLO le llama a Anaya "maldito gringo lava dinero"? ¬øO a #Meade, "estafador corrupto maestro"? Eres una basura, estas desesperado sionista de mierda, racista y clasista.  #MexicoEsMORENA #AMLOPresidente |Torre√≥n - CDMX|19.290486|-99.122175
Rafabp2012|Retweeted Manuel Berges (@bergesmanuel1):  Pedernales abrio de  nuevo el mercado binacional para ganar dinero, sin que Haiti haya entregado los asesinos de los esposos. Su gesto patriotico de expulsar haitianos, se convirtio en una burla a Duarte. Somos dominicanos o no lo somos? |El mundo|38.253673|-85.701310
patricia20120|@GFrondizi Gustavo, quien tiene que ver este tema, un fiscal, Garavano, Claudio Avruj? Ya todos sabemos que es una mentira lo de los 30.000 desaparecidos, pero de que forma se puede pedir la verdad oficial y que devuelvan el dinero de los 22.000 desaparecidos inexistentes? |NO AL ABORTO|40.462855|-3.680039
sylviasepulveda|23. Empec√© a trabajar a los 15 a√±os como hostess y en mesas de postres nada m√°s porque quer√≠a saber lo que era ganar mi propio dinero|Monterrey, N.L.|25.686614|-100.316113
tecnogaming|Los monotributistas deber√°n aceptar la tarjeta de d√©bito  https://t.co/A47ywMSkEr https://t.co/1tJm5MTo9S|Buenos Aires & San Luis|-34.465890|-58.900806
loutsv|mi tarjeta cine fan est√° con telara√±as|arg|38.920550|-94.624639
giovanniramosda|@TigoUneCol se√±ores tigo como es.posible que trato de.pagar el.servicio https://t.co/n0h3hJ5yLt pagina y el sistema no esta actualizado y vengo a.pagar en.las oficinas y me.dicen. que no reciben. El pago si no es en.efectivo por que no se puede con targeta debito|bogota |4.710989|-74.072092
ReginaCediel|¬øQu√© son las criptomonedas? El dinero virtual ya es una realidad #Bitcoin https://t.co/b8D4mjUGj9|Miami, FL|25.761680|-80.191790
mikelibarmia|@femilimon @paustoff Alemania hizo el gesto inicial de la segunda guerra mundial, invadi√≥ polonia, atac√≥ la URSS, bombardeo europa entera por no mencionar las matanzas masivas de judios,disidentes... Lo siento, pero tu ejemplo no es valido (no justifico lo que pasa en siria)|Espa√±a|40.463667|-3.749220
TobleroneCubano|#Per√∫ En Cumbre sobre #corrupci√≥n,  @marcorubio se niega a responder si continuar√° recibiendo dinero de los lobbys de armas   #CumbrePeru https://t.co/Ypu9wEe4XI https://t.co/L9eB54vXMM|Colombia|4.570868|-74.297333
TobleroneCubano|#Per√∫ En Cumbre sobre #corrupci√≥n,  @marcorubio se niega a responder si continuar√° recibiendo dinero de los... https://t.co/Ypu9wEe4XI|Colombia|4.570868|-74.297333
nestorjgomez|@pbarbieri @uala_arg ¬°Gracias Paolo! . Hace menos de una hora compr√© 1 mes de suscripci√≥n Pro Lite en @MEGAprivacy sin problemas utilizando la tarjeta de tu empresa. Tambi√©n escuche una nota que te hizo @FelipePigna sobre la guerra civil espa√±ola. Desconoc√≠a esa faceta de ti vida profesional|Corrientes, Argentina|-27.469213|-58.830635
noegulin27|Nunca entendere aquellos que se averg√ºenzan de la profesion de sus padres. Cuando quereis ir al BK a cenar, a quien le pedis dinero??? Cuando quereis comprar las ultimas zapatillas de adidas, a quien le pedis dinero??? Ah, ahi ya no os importa tanto la profesion, eh. |Ourense, Galicia|42.335789|-7.863881
Frank_Delano1|@Educitico @CualRevolucion @hcapriles Por supuesto que recibi√≥ dinero de #Odebrecht. Ellos financiero a media oposici√≥n para que fueran parte de las simulaciones electorales|Caracas, Venezuela|10.480594|-66.903606
Lizvrdx_|@WallyFernandez8 @NaelRojas @__nestt Hablen con chavo pa que los ponga el martes contra nael , con dinero envuelto|San juan|18.465539|-66.105736
